chamber,name,party,state
Camara dos Deputados,Abou Anni,UNIÃO,SP
Camara dos Deputados,Acácio Favacho,MDB,AP
Senado,Acir Gurgacz,PDT,RO
Camara dos Deputados,Adolfo Viana,PSDB,BA
Camara dos Deputados,Adriana Ventura,NOVO,SP
Camara dos Deputados,Adriano Do Baldy,PP,GO
Camara dos Deputados,Aécio Neves,PSDB,MG
Camara dos Deputados,Aelton Freitas,PP,MG
Camara dos Deputados,Afonso Florence,PT,BA
Camara dos Deputados,Afonso Hamm,PP,RS
Camara dos Deputados,Afonso Motta,PDT,RS
Camara dos Deputados,Airton Faleiro,PT,PA
Camara dos Deputados,Aj Albuquerque,PP,CE
Camara dos Deputados,Alceu Moreira,MDB,RS
Camara dos Deputados,Alcides Rodrigues,PATRIOTA,GO
Camara dos Deputados,Alencar Santana,PT,SP
Camara dos Deputados,Alê Silva,REPUBLICANOS,MG
Camara dos Deputados,Alessandro Molon,PSB,RJ
Senado,Alessandro Vieira,PSDB,SE
Camara dos Deputados,Alexandre Figueiredo,PSD,SE
Camara dos Deputados,Alexandre Frota,PSDB,SP
Camara dos Deputados,Alexandre Leite,UNIÃO,SP
Camara dos Deputados,Alexandre Padilha,PT,SP
Senado,Alexandre Silveira,PSD,MG
Camara dos Deputados,Alexis Fonteyne,NOVO,SP
Camara dos Deputados,Alex Manente,CIDADANIA,SP
Camara dos Deputados,Alex Santana,REPUBLICANOS,BA
Camara dos Deputados,Alice Portugal,PCdoB,BA
Camara dos Deputados,Aliel Machado,PV,PR
Camara dos Deputados,Aline Gurgel,REPUBLICANOS,AP
Camara dos Deputados,Aline Sleutjes,PROS,PR
Camara dos Deputados,Altineu Côrtes,PL,RJ
Camara dos Deputados,Aluisio Mendes,PSC,MA
Senado,Alvaro Dias,PODEMOS,PR
Camara dos Deputados,Amaro Neto,REPUBLICANOS,ES
Camara dos Deputados,André Abdon,PP,AP
Camara dos Deputados,André De Paula,PSD,PE
Camara dos Deputados,André Ferreira,PL,PE
Camara dos Deputados,André Figueiredo,PDT,CE
Camara dos Deputados,André Fufuca,PP,MA
Camara dos Deputados,André Janones,AVANTE,MG
Camara dos Deputados,Angela Amin,PP,SC
Senado,Angelo Coronel,PSD,BA
Camara dos Deputados,Antônia Lúcia,REPUBLICANOS,AC
Camara dos Deputados,Antonio Brito,PSD,BA
Camara dos Deputados,Arlindo Chinaglia,PT,SP
Camara dos Deputados,Arnaldo Jardim,CIDADANIA,SP
Camara dos Deputados,Aroldo Martins,REPUBLICANOS,PR
Camara dos Deputados,Arthur Lira,PP,AL
Camara dos Deputados,Arthur Oliveira Maia,UNIÃO,BA
Camara dos Deputados,Átila Lins,PSD,AM
Camara dos Deputados,Átila Lira,PP,PI
Camara dos Deputados,Augusto Coutinho,REPUBLICANOS,PE
Camara dos Deputados,Áurea Carolina,PSOL,MG
Camara dos Deputados,Aureo Ribeiro,SOLIDARIEDADE,RJ
Camara dos Deputados,Bacelar,PV,BA
Camara dos Deputados,Baleia Rossi,MDB,SP
Camara dos Deputados,Benedita Da Silva,PT,RJ
Camara dos Deputados,Benes Leocádio,UNIÃO,RN
Camara dos Deputados,Beto Faro,PT,PA
Camara dos Deputados,Beto Pereira,PSDB,MS
Camara dos Deputados,Beto Rosado,PP,RN
Camara dos Deputados,Bia Kicis,PL,DF
Camara dos Deputados,Bibo Nunes,PL,RS
Camara dos Deputados,Bilac Pinto,UNIÃO,MG
Camara dos Deputados,Bira Do Pindaré,PSB,MA
Camara dos Deputados,Bohn Gass,PT,RS
Camara dos Deputados,Bosco Costa,PL,SE
Camara dos Deputados,Bosco Saraiva,SOLIDARIEDADE,AM
Camara dos Deputados,Bozzella,UNIÃO,SP
Camara dos Deputados,Bruna Furlan,PSDB,SP
Camara dos Deputados,Cacá Leão,PP,BA
Camara dos Deputados,Camilo Capiberibe,PSB,AP
Camara dos Deputados,Capitão Alberto Neto,PL,AM
Camara dos Deputados,Capitão Augusto,PL,SP
Camara dos Deputados,Capitão Derrite,PL,SP
Camara dos Deputados,Capitão Fábio Abreu,PSD,PI
Camara dos Deputados,Capitão Wagner,UNIÃO,CE
Camara dos Deputados,Carla Dickson,UNIÃO,RN
Camara dos Deputados,Carla Zambelli,PL,SP
Camara dos Deputados,Carlos Bezerra,MDB,MT
Camara dos Deputados,Carlos Chiodini,MDB,SC
Camara dos Deputados,Carlos Gomes,REPUBLICANOS,RS
Camara dos Deputados,Carlos Henrique Gaguim,UNIÃO,TO
Camara dos Deputados,Carlos Jordy,PL,RJ
Senado,Carlos Portinho,PL,RJ
Camara dos Deputados,Carlos Sampaio,PSDB,SP
Camara dos Deputados,Carlos Veras,PT,PE
Senado,Carlos Viana,PL,MG
Camara dos Deputados,Carlos Zarattini,PT,SP
Camara dos Deputados,Carmen Zanotto,CIDADANIA,SC
Camara dos Deputados,Caroline De Toni,PL,SC
Camara dos Deputados,Cássio Andrade,PSB,PA
Camara dos Deputados,Celina Leão,PP,DF
Camara dos Deputados,Célio Moura,PT,TO
Camara dos Deputados,Célio Silveira,MDB,GO
Camara dos Deputados,Célio Studart,PSD,CE
Camara dos Deputados,Celso Maldaner,MDB,SC
Camara dos Deputados,Celso Russomanno,REPUBLICANOS,SP
Camara dos Deputados,Celso Sabino,UNIÃO,PA
Camara dos Deputados,Cezinha De Madureira,PSD,SP
Camara dos Deputados,Charles Fernandes,PSD,BA
Camara dos Deputados,Charlles Evangelista,PP,MG
Camara dos Deputados,Chico D'angelo,PDT,RJ
Senado,Chico Rodrigues,UNIÃO,RR
Camara dos Deputados,Chiquinho Brazão,UNIÃO,RJ
Camara dos Deputados,Christiane De Souza Yared,PP,PR
Camara dos Deputados,Christino Aureo,PP,RJ
Camara dos Deputados,Chris Tonietto,PL,RJ
Camara dos Deputados,Clarissa Garotinho,UNIÃO,RJ
Camara dos Deputados,Claudio Cajado,PP,BA
Camara dos Deputados,Cleber Verde,REPUBLICANOS,MA
Senado,Confúcio Moura,MDB,RO
Camara dos Deputados,Coronel Armando,PL,SC
Camara dos Deputados,Coronel Chrisóstomo,PL,RO
Camara dos Deputados,Coronel Tadeu,PL,SP
Camara dos Deputados,Covatti Filho,PP,RS
Camara dos Deputados,Cristiano Vale,PP,PA
Camara dos Deputados,Dagoberto Nogueira,PSDB,MS
Camara dos Deputados,Damião Feliciano,UNIÃO,PB
Camara dos Deputados,Daniela Do Waguinho,UNIÃO,RJ
Camara dos Deputados,Daniel Almeida,PCdoB,BA
Camara dos Deputados,Daniel Coelho,CIDADANIA,PE
Camara dos Deputados,Daniel Freitas,PL,SC
Senado,Daniella Ribeiro,PSD,PB
Camara dos Deputados,Daniel Silveira,PTB,RJ
Camara dos Deputados,Daniel Trzeciak,PSDB,RS
Camara dos Deputados,Danilo Cabral,PSB,PE
Camara dos Deputados,Danilo Forte,UNIÃO,CE
Camara dos Deputados,Danrlei De Deus Hinterholz,PSD,RS
Camara dos Deputados,Darci De Matos,PSD,SC
Senado,Dário Berger,PSB,SC
Senado,Davi Alcolumbre,UNIÃO,AP
Camara dos Deputados,David Miranda,PDT,RJ
Camara dos Deputados,David Soares,UNIÃO,SP
Camara dos Deputados,Da Vitoria,PP,ES
Camara dos Deputados,Delegado Antônio Furtado,UNIÃO,RJ
Camara dos Deputados,Delegado Éder Mauro,PL,PA
Camara dos Deputados,Delegado Marcelo Freitas,UNIÃO,MG
Camara dos Deputados,Delegado Pablo,UNIÃO,AM
Camara dos Deputados,Delegado Waldir,UNIÃO,GO
Camara dos Deputados,Denis Bezerra,PSB,CE
Camara dos Deputados,Diego Andrade,PSD,MG
Camara dos Deputados,Diego Garcia,REPUBLICANOS,PR
Camara dos Deputados,Dimas Fabiano,PP,MG
Camara dos Deputados,Domingos Neto,PSD,CE
Camara dos Deputados,Domingos Sávio,PL,MG
Camara dos Deputados,Dr. Agripino Magalhães,UNIÃO,CE
Camara dos Deputados,Dr. Frederico,PATRIOTA,MG
Camara dos Deputados,Dr. Jaziel,PL,CE
Camara dos Deputados,Dr. Leonardo,REPUBLICANOS,MT
Camara dos Deputados,Dr. Luiz Antonio Teixeira Jr.,PP,RJ
Camara dos Deputados,Dr. Luiz Ovando,PP,MS
Camara dos Deputados,Dr. Zacharias Calil,UNIÃO,GO
Camara dos Deputados,Dra. Soraya Manato,PTB,ES
Camara dos Deputados,Dra. Vanda Milani,PROS,AC
Camara dos Deputados,Dulce Miranda,MDB,TO
Camara dos Deputados,Edilázio Júnior,PSD,MA
Camara dos Deputados,Edio Lopes,PL,RR
Camara dos Deputados,Edna Henrique,REPUBLICANOS,PB
Camara dos Deputados,Eduardo Barbosa,PSDB,MG
Camara dos Deputados,Eduardo Bismarck,PDT,CE
Camara dos Deputados,Eduardo Bolsonaro,PL,SP
Senado,Eduardo Braga,MDB,AM
Camara dos Deputados,Eduardo Costa,PSD,PA
Camara dos Deputados,Eduardo Cury,PSDB,SP
Camara dos Deputados,Eduardo Da Fonte,PP,PE
Senado,Eduardo Girão,PODEMOS,CE
Senado,Eduardo Velloso,UNIÃO,AC
Camara dos Deputados,Efraim Filho,UNIÃO,PB
Camara dos Deputados,Elcione Barbalho,MDB,PA
Senado,Eliane Nogueira,PP,PI
Camara dos Deputados,Elias Vaz,PSB,GO
Camara dos Deputados,Eli Borges,PL,TO
Camara dos Deputados,Eli Corrêa Filho,UNIÃO,SP
Camara dos Deputados,Eliza Virgínia,PP,PB
Senado,Eliziane Gama,CIDADANIA,MA
Senado,Elmano Férrer,PP,PI
Camara dos Deputados,Elmar Nascimento,UNIÃO,BA
Camara dos Deputados,Emanuel Pinheiro Neto,MDB,MT
Camara dos Deputados,Emidinho Madeira,PL,MG
Camara dos Deputados,Enio Verri,PT,PR
Camara dos Deputados,Enrico Misasi,MDB,SP
Camara dos Deputados,Erika Kokay,PT,DF
Camara dos Deputados,Eros Biondini,PL,MG
Senado,Esperidião Amin,PP,SC
Camara dos Deputados,Euclydes Pettersen,PSC,MG
Camara dos Deputados,Evair Vieira De Melo,PP,ES
Camara dos Deputados,Expedito Netto,PSD,RO
Senado,Fabiano Contarato,PT,ES
Camara dos Deputados,Fábio Henrique,UNIÃO,SE
Camara dos Deputados,Fábio Ramalho,MDB,MG
Camara dos Deputados,Fabio Reis,PSD,SE
Camara dos Deputados,Fabio Schiochet,UNIÃO,SC
Camara dos Deputados,Fábio Trad,PSD,MS
Camara dos Deputados,Fausto Pinato,PP,SP
Camara dos Deputados,Felício Laterça,PP,RJ
Camara dos Deputados,Felipe Carreras,PSB,PE
Camara dos Deputados,Felipe Francischini,UNIÃO,PR
Camara dos Deputados,Felipe Rigoni,UNIÃO,ES
Camara dos Deputados,Félix Mendonça Júnior,PDT,BA
Camara dos Deputados,Fernanda Melchionna,PSOL,RS
Senado,Fernando Bezerra Coelho,MDB,PE
Camara dos Deputados,Fernando Coelho Filho,UNIÃO,PE
Senado,Fernando Collor,PTB,AL
Camara dos Deputados,Fernando Monteiro,PP,PE
Camara dos Deputados,Fernando Rodolfo,PL,PE
Camara dos Deputados,Filipe Barros,PL,PR
Camara dos Deputados,Flávia Arruda,PL,DF
Camara dos Deputados,Flávia Morais,PDT,GO
Camara dos Deputados,Flaviano Melo,MDB,AC
Senado,Flávio Arns,PODEMOS,PR
Senado,Flávio Bolsonaro,PL,RJ
Camara dos Deputados,Flávio Nogueira,PT,PI
Camara dos Deputados,Francisco Jr.,PSD,GO
Camara dos Deputados,Franco Cartafina,PP,MG
Camara dos Deputados,Fred Costa,PATRIOTA,MG
Camara dos Deputados,Frei Anastacio Ribeiro,PT,PB
Camara dos Deputados,Gelson Azevedo,PL,RJ
Camara dos Deputados,Genecias Noronha,PL,CE
Camara dos Deputados,General Girão,PL,RN
Camara dos Deputados,General Peternelli,UNIÃO,SP
Camara dos Deputados,Geninho Zuliani,UNIÃO,SP
Camara dos Deputados,Geovania De Sá,PSDB,SC
Camara dos Deputados,Gervásio Maia,PSB,PB
Camara dos Deputados,Giacobo,PL,PR
Camara dos Deputados,Gilberto Abramo,REPUBLICANOS,MG
Camara dos Deputados,Gilberto Nascimento,PSC,SP
Camara dos Deputados,Gil Cutrim,REPUBLICANOS,MA
Camara dos Deputados,Gilson Marques,NOVO,SC
Senado,Giordano,MDB,SP
Camara dos Deputados,Giovani Cherini,PL,RS
Camara dos Deputados,Giovani Feltes,MDB,RS
Camara dos Deputados,Glauber Braga,PSOL,RJ
Camara dos Deputados,Glaustin Da Fokus,PSC,GO
Camara dos Deputados,Gleisi Hoffmann,PT,PR
Camara dos Deputados,Gonzaga Patriota,PSB,PE
Camara dos Deputados,Greyce Elias,AVANTE,MG
Senado,Guaracy Silveira,PP,TO
Camara dos Deputados,Guiga Peixoto,PSC,SP
Camara dos Deputados,Guilherme Mussi,PP,SP
Camara dos Deputados,Gurgel,PL,RJ
Camara dos Deputados,Gustavo Fruet,PDT,PR
Camara dos Deputados,Gustinho Ribeiro,REPUBLICANOS,SE
Camara dos Deputados,Gutemberg Reis,MDB,RJ
Camara dos Deputados,Haroldo Cathedral,PSD,RR
Camara dos Deputados,Heitor Freire,UNIÃO,CE
Camara dos Deputados,Heitor Schuch,PSB,RS
Camara dos Deputados,Helder Salomão,PT,ES
Camara dos Deputados,Hélio Costa,PSD,SC
Camara dos Deputados,Hélio Leite,UNIÃO,PA
Camara dos Deputados,Helio Lopes,PL,RJ
Camara dos Deputados,Henrique Fontana,PT,RS
Camara dos Deputados,Hercílio Coelho Diniz,MDB,MG
Camara dos Deputados,Herculano Passos,REPUBLICANOS,SP
Camara dos Deputados,Hermes Parcianello,MDB,PR
Camara dos Deputados,Hildo Rocha,MDB,MA
Camara dos Deputados,Hiran Gonçalves,PP,RR
Camara dos Deputados,Hugo Leal,PSD,RJ
Camara dos Deputados,Hugo Motta,REPUBLICANOS,PB
Senado,Humberto Costa,PT,PE
Camara dos Deputados,Idilvan Alencar,PDT,CE
Camara dos Deputados,Igor Kannário,UNIÃO,BA
Camara dos Deputados,Igor Timo,PODE,MG
Camara dos Deputados,Iracema Portella,PP,PI
Senado,Irajá,PSD,TO
Camara dos Deputados,Isnaldo Bulhões Jr.,MDB,AL
Camara dos Deputados,Ivan Valente,PSOL,SP
Senado,Ivete da Silveira,MDB,SC
Senado,Izalci Lucas,PSDB,DF
Senado,Jader Barbalho,MDB,PA
Camara dos Deputados,Jandira Feghali,PCdoB,RJ
Camara dos Deputados,Jaqueline Cassol,PP,RO
Senado,Jaques Wagner,PT,BA
Senado,Jarbas Vasconcelos,MDB,PE
Senado,Jayme Campos,UNIÃO,MT
Senado,Jean Paul Prates,PT,RN
Camara dos Deputados,Jefferson Campos,PL,SP
Camara dos Deputados,Jerônimo Goergen,PP,RS
Camara dos Deputados,Jéssica Sales,MDB,AC
Camara dos Deputados,Jesus Sérgio,PDT,AC
Camara dos Deputados,Jhonatan De Jesus,REPUBLICANOS,RR
Camara dos Deputados,João Campos,REPUBLICANOS,GO
Camara dos Deputados,João Carlos Bacelar,PL,BA
Camara dos Deputados,João Daniel,PT,SE
Camara dos Deputados,João Maia,PL,RN
Camara dos Deputados,João Marcelo Souza,MDB,MA
Camara dos Deputados,João Roma,PL,BA
Camara dos Deputados,Joaquim Passarinho,PL,PA
Camara dos Deputados,Joceval Rodrigues,CIDADANIA,BA
Camara dos Deputados,Joenia Wapichana,REDE,RR
Camara dos Deputados,Joice Hasselmann,PSDB,SP
Camara dos Deputados,Jones Moura,PSD,RJ
Camara dos Deputados,Jorge Braz,REPUBLICANOS,RJ
Senado,Jorge Kajuru,PODEMOS,GO
Camara dos Deputados,Jorge Solla,PT,BA
Camara dos Deputados,José Airton Félix Cirilo,PT,CE
Camara dos Deputados,José Guimarães,PT,CE
Camara dos Deputados,Joseildo Ramos,PT,BA
Camara dos Deputados,Jose Mario Schreiner,MDB,GO
Camara dos Deputados,José Medeiros,PL,MT
Camara dos Deputados,José Nelto,PP,GO
Camara dos Deputados,José Priante,MDB,PA
Camara dos Deputados,José Ricardo,PT,AM
Camara dos Deputados,José Rocha,UNIÃO,BA
Senado,José Serra,PSDB,SP
Camara dos Deputados,Josias Gomes,PT,BA
Camara dos Deputados,Josimar Maranhãozinho,PL,MA
Camara dos Deputados,Josivaldo Jp,PSD,MA
Camara dos Deputados,Juarez Costa,MDB,MT
Camara dos Deputados,Julian Lemos,UNIÃO,PB
Camara dos Deputados,Júlio Cesar,PSD,PI
Camara dos Deputados,Julio Cesar Ribeiro,REPUBLICANOS,DF
Camara dos Deputados,Júlio Delgado,PV,MG
Senado,Julio Ventura,PDT,CE
Camara dos Deputados,Juninho Do Pneu,UNIÃO,RJ
Camara dos Deputados,Junio Amaral,PL,MG
Camara dos Deputados,Júnior Ferrari,PSD,PA
Camara dos Deputados,Junior Lourenço,PL,MA
Camara dos Deputados,Júnior Mano,PL,CE
Camara dos Deputados,Juscelino Filho,UNIÃO,MA
Camara dos Deputados,Kim Kataguiri,UNIÃO,SP
Camara dos Deputados,Laercio Oliveira,PP,SE
Camara dos Deputados,Lafayette De Andrada,REPUBLICANOS,MG
Senado,Lasier Martins,PODEMOS,RS
Camara dos Deputados,Lauriete,PSC,ES
Camara dos Deputados,Lázaro Botelho,PP,TO
Camara dos Deputados,Leandre,PSD,PR
Camara dos Deputados,Leda Sadala,PP,AP
Senado,Leila Barros,PDT,DF
Camara dos Deputados,Leo De Brito,PT,AC
Camara dos Deputados,Léo Moraes,PODE,RO
Camara dos Deputados,Léo Motta,REPUBLICANOS,MG
Camara dos Deputados,Leonardo Monteiro,PT,MG
Camara dos Deputados,Leônidas Cristino,PDT,CE
Camara dos Deputados,Leur Lomanto Júnior,UNIÃO,BA
Camara dos Deputados,Lídice Da Mata,PSB,BA
Camara dos Deputados,Lincoln Portela,PL,MG
Camara dos Deputados,Liziane Bayer,REPUBLICANOS,RS
Camara dos Deputados,Loester Trutis,PL,MS
Camara dos Deputados,Lourival Gomes,PP,RJ
Senado,Lucas Barreto,PSD,AP
Camara dos Deputados,Lucas Follador,PSC,RO
Camara dos Deputados,Lucas Gonzalez,NOVO,MG
Camara dos Deputados,Lucas Redecker,PSDB,RS
Camara dos Deputados,Lucas Vergilio,SOLIDARIEDADE,GO
Camara dos Deputados,Luciano Bivar,UNIÃO,PE
Camara dos Deputados,Luciano Ducci,PSB,PR
Camara dos Deputados,Lucio Mosquini,MDB,RO
Camara dos Deputados,Luisa Canziani,PSD,PR
Senado,Luis Carlos Heinze,PP,RS
Camara dos Deputados,Luis Miranda,REPUBLICANOS,DF
Camara dos Deputados,Luis Tibé,AVANTE,MG
Camara dos Deputados,Luiza Erundina,PSOL,SP
Camara dos Deputados,Luiz Antônio Corrêa,PP,RJ
Camara dos Deputados,Luizão Goulart,SOLIDARIEDADE,PR
Camara dos Deputados,Luiz Carlos,PSDB,AP
Senado,Luiz Carlos do Carmo,PSC,GO
Camara dos Deputados,Luiz Carlos Motta,PL,SP
Camara dos Deputados,Luizianne Lins,PT,CE
Camara dos Deputados,Luiz Lima,PL,RJ
Camara dos Deputados,Luiz Nishimori,PSD,PR
Senado,Luiz Pastore,MDB,ES
Camara dos Deputados,Luiz Philippe De Orleans E Bragança,PL,SP
Camara dos Deputados,Magda Mofatto,PL,GO
Senado,Mailza Gomes,PP,AC
Camara dos Deputados,Major Fabiana,PL,RJ
Camara dos Deputados,Major Vitor Hugo,PL,GO
Senado,Mara Gabrilli,PSDB,SP
Camara dos Deputados,Mara Rocha,MDB,AC
Camara dos Deputados,Marcelo Álvaro Antônio,PL,MG
Camara dos Deputados,Marcelo Aro,PP,MG
Camara dos Deputados,Marcelo Calero,PSD,RJ
Senado,Marcelo Castro,MDB,PI
Camara dos Deputados,Marcelo Freixo,PSB,RJ
Camara dos Deputados,Marcelo Moraes,PL,RS
Camara dos Deputados,Marcelo Nilo,REPUBLICANOS,BA
Camara dos Deputados,Marcelo Ramos,PSD,AM
Camara dos Deputados,Marcel Van Hattem,NOVO,RS
Camara dos Deputados,Marcio Alvino,PL,SP
Camara dos Deputados,Márcio Biolchi,MDB,RS
Camara dos Deputados,Márcio Jerry,PCdoB,MA
Camara dos Deputados,Márcio Labre,PL,RJ
Camara dos Deputados,Márcio Macêdo,PT,SE
Camara dos Deputados,Márcio Marinho,REPUBLICANOS,BA
Camara dos Deputados,Marco Bertaiolli,PSD,SP
Camara dos Deputados,Marco Brasil,PP,PR
Camara dos Deputados,Marcon,PT,RS
Camara dos Deputados,Marcos Aurélio Sampaio,PSD,PI
Senado,Marcos do Val,PODEMOS,ES
Camara dos Deputados,Marcos Pereira,REPUBLICANOS,SP
Senado,Marcos Rogério,PL,RO
Camara dos Deputados,Marcos Soares,UNIÃO,RJ
Camara dos Deputados,Margarete Coelho,PP,PI
Senado,Margareth Buzetti,PP,MT
Senado,Maria das Vitórias,PSD,AC
Senado,Maria do Carmo Alves,PP,SE
Camara dos Deputados,Maria Do Rosário,PT,RS
Camara dos Deputados,Maria Rosas,REPUBLICANOS,SP
Camara dos Deputados,Marília Arraes,SOLIDARIEDADE,PE
Camara dos Deputados,Marina Santos,REPUBLICANOS,PI
Camara dos Deputados,Mário Heringer,PDT,MG
Camara dos Deputados,Mário Negromonte Jr.,PP,BA
Camara dos Deputados,Marlon Santos,PL,RS
Camara dos Deputados,Marreca Filho,PATRIOTA,MA
Camara dos Deputados,Marx Beltrão,PP,AL
Camara dos Deputados,Maurício Dziedricki,PODE,RS
Camara dos Deputados,Mauro Benevides Filho,PDT,CE
Camara dos Deputados,Mauro Lopes,PP,MG
Camara dos Deputados,Mauro Nazif,PSB,RO
Senado,Mecias de Jesus,REPUBLICANOS,RR
Camara dos Deputados,Merlong Solano,PT,PI
Camara dos Deputados,Miguel Lombardi,PL,SP
Camara dos Deputados,Milton Coelho,PSB,PE
Camara dos Deputados,Milton Vieira,REPUBLICANOS,SP
Camara dos Deputados,Misael Varella,PSD,MG
Camara dos Deputados,Natália Bonavides,PT,RN
Senado,Nelsinho Trad,PSD,MS
Camara dos Deputados,Nelson Barbudo,PL,MT
Camara dos Deputados,Nereu Crispim,PSD,RS
Camara dos Deputados,Neri Geller,PP,MT
Camara dos Deputados,Neucimar Fraga,PP,ES
Camara dos Deputados,Newton Cardoso Jr,MDB,MG
Camara dos Deputados,Ney Leprevost,UNIÃO,PR
Camara dos Deputados,Nicoletti,UNIÃO,RR
Senado,Nilda Gondim,MDB,PB
Camara dos Deputados,Nilson Pinto,PSDB,PA
Camara dos Deputados,Nilto Tatto,PT,SP
Camara dos Deputados,Nivaldo Albuquerque,REPUBLICANOS,AL
Camara dos Deputados,Norma Ayub,PP,ES
Camara dos Deputados,Odair Cunha,PT,MG
Senado,Ogari Pacheco,UNIÃO,TO
Camara dos Deputados,Olival Marques,MDB,PA
Senado,Omar Aziz,PSD,AM
Camara dos Deputados,Onyx Lorenzoni,PL,RS
Senado,Oriovisto Guimarães,PODEMOS,PR
Camara dos Deputados,Orlando Silva,PCdoB,SP
Camara dos Deputados,Osmar Serraglio,PP,PR
Camara dos Deputados,Osmar Terra,MDB,RS
Camara dos Deputados,Ossesio Silva,REPUBLICANOS,PE
Camara dos Deputados,Otoni De Paula,MDB,RJ
Camara dos Deputados,Ottaci Nascimento,SOLIDARIEDADE,RR
Senado,Otto Alencar,PSD,BA
Camara dos Deputados,Otto Alencar Filho,PSD,BA
Camara dos Deputados,Padre João,PT,MG
Camara dos Deputados,Pastor Eurico,PL,PE
Camara dos Deputados,Pastor Gil,PL,MA
Camara dos Deputados,Pastor Sargento Isidório,AVANTE,BA
Camara dos Deputados,Patricia Ferraz,PODE,AP
Camara dos Deputados,Patrus Ananias,PT,MG
Camara dos Deputados,Paula Belmonte,CIDADANIA,DF
Camara dos Deputados,Paulão,PT,AL
Camara dos Deputados,Paulinho Da Força,SOLIDARIEDADE,SP
Camara dos Deputados,Paulo Abi-ackel,PSDB,MG
Camara dos Deputados,Paulo Azi,UNIÃO,BA
Camara dos Deputados,Paulo Bengtson,PTB,PA
Camara dos Deputados,Paulo Eduardo Martins,PL,PR
Camara dos Deputados,Paulo Foletto,PSB,ES
Camara dos Deputados,Paulo Freire Costa,PL,SP
Camara dos Deputados,Paulo Ganime,NOVO,RJ
Camara dos Deputados,Paulo Guedes,PT,MG
Camara dos Deputados,Paulo Magalhães,PSD,BA
Senado,Paulo Paim,PT,RS
Camara dos Deputados,Paulo Pimenta,PT,RS
Camara dos Deputados,Paulo Ramos,PDT,RJ
Senado,Paulo Rocha,PT,PA
Camara dos Deputados,Paulo Teixeira,PT,SP
Camara dos Deputados,Pedro Augusto Bezerra,PDT,CE
Camara dos Deputados,Pedro Augusto Palareti,PP,RJ
Camara dos Deputados,Pedro Cunha Lima,PSDB,PB
Camara dos Deputados,Pedro Lucas Fernandes,UNIÃO,MA
Camara dos Deputados,Pedro Lupion,PP,PR
Camara dos Deputados,Pedro Paulo,PSD,RJ
Camara dos Deputados,Pedro Uczai,PT,SC
Camara dos Deputados,Pedro Vilela,PSDB,AL
Camara dos Deputados,Pedro Westphalen,PP,RS
Camara dos Deputados,Perpétua Almeida,PCdoB,AC
Camara dos Deputados,Pinheirinho,PP,MG
Senado,Plínio Valério,PSDB,AM
Camara dos Deputados,Policial Katia Sastre,PL,SP
Camara dos Deputados,Pompeo De Mattos,PDT,RS
Camara dos Deputados,Pr. Marco Feliciano,PL,SP
Camara dos Deputados,Professora Dayane Pimentel,UNIÃO,BA
Camara dos Deputados,Professor Alcides,PL,GO
Camara dos Deputados,Professora Marcivania,PCdoB,AP
Camara dos Deputados,Professora Rosa Neide,PT,MT
Camara dos Deputados,Professor Israel Batista,PSB,DF
Camara dos Deputados,Professor Joziel,PATRIOTA,RJ
Camara dos Deputados,Rafael Motta,PSB,RN
Senado,Rafael Tenório,MDB,AL
Camara dos Deputados,Raimundo Costa,PODE,BA
Senado,Randolfe Rodrigues,REDE,AP
Camara dos Deputados,Raul Henry,MDB,PE
Camara dos Deputados,Reginaldo Lopes,PT,MG
Senado,Reguffe,S/Partido,DF
Camara dos Deputados,Rejane Dias,PT,PI
Camara dos Deputados,Renildo Calheiros,PCdoB,PE
Camara dos Deputados,Ricardo Barros,PP,PR
Camara dos Deputados,Ricardo Da Karol,PDT,RJ
Camara dos Deputados,Ricardo Guidi,PSD,SC
Camara dos Deputados,Ricardo Izar,REPUBLICANOS,SP
Camara dos Deputados,Ricardo Silva,PSD,SP
Camara dos Deputados,Ricardo Teobaldo,PODE,PE
Camara dos Deputados,Robério Monteiro,PDT,CE
Senado,Roberth Bringel,UNIÃO,MA
Camara dos Deputados,Roberto Alves,REPUBLICANOS,SP
Camara dos Deputados,Roberto De Lucena,REPUBLICANOS,SP
Senado,Roberto Rocha,PTB,MA
Camara dos Deputados,Rodrigo Agostinho,PSB,SP
Camara dos Deputados,Rodrigo Coelho,PODE,SC
Senado,Rodrigo Cunha,UNIÃO,AL
Camara dos Deputados,Rodrigo De Castro,UNIÃO,MG
Senado,Rodrigo Pacheco,PSD,MG
Senado,Rogério Carvalho,PT,SE
Camara dos Deputados,Rogério Correia,PT,MG
Camara dos Deputados,Rogério Peninha Mendonça,MDB,SC
Senado,Romário,PL,RJ
Camara dos Deputados,Ronaldo Carletto,PP,BA
Camara dos Deputados,Ronaldo Martins,REPUBLICANOS,CE
Camara dos Deputados,Rosana Valle,PL,SP
Camara dos Deputados,Rosangela Gomes,REPUBLICANOS,RJ
Camara dos Deputados,Rose Modesto,UNIÃO,MS
Camara dos Deputados,Rubens Bueno,CIDADANIA,PR
Camara dos Deputados,Rubens Otoni,PT,GO
Camara dos Deputados,Rubens Pereira Júnior,PT,MA
Camara dos Deputados,Rui Falcão,PT,SP
Camara dos Deputados,Ruy Carneiro,PSC,PB
Camara dos Deputados,Sâmia Bomfim,PSOL,SP
Camara dos Deputados,Samuel Moreira,PSDB,SP
Camara dos Deputados,Sanderson,PL,RS
Camara dos Deputados,Sandro Alex,PSD,PR
Camara dos Deputados,Sargento Alexandre,PODE,SP
Camara dos Deputados,Sargento Fahur,PSD,PR
Camara dos Deputados,Sebastião Oliveira,AVANTE,PE
Camara dos Deputados,Sérgio Brito,PSD,BA
Camara dos Deputados,Sergio Souza,MDB,PR
Camara dos Deputados,Sergio Toledo,PV,AL
Camara dos Deputados,Severino Pessoa,MDB,AL
Camara dos Deputados,Shéridan,PSDB,RR
Camara dos Deputados,Sidney Leite,PSD,AM
Camara dos Deputados,Silas Câmara,REPUBLICANOS,AM
Camara dos Deputados,Silvia Cristina,PL,RO
Camara dos Deputados,Silvio Costa Filho,REPUBLICANOS,PE
Senado,Simone Tebet,MDB,MS
Camara dos Deputados,Soraya Santos,PL,RJ
Senado,Soraya Thronicke,UNIÃO,MS
Camara dos Deputados,Sóstenes Cavalcante,PL,RJ
Camara dos Deputados,Stefano Aguiar,PSD,MG
Senado,Styvenson Valentim,PODEMOS,RN
Camara dos Deputados,Subtenente Gonzaga,PSD,MG
Camara dos Deputados,Tabata Amaral,PSB,SP
Camara dos Deputados,Tadeu Alencar,PSB,PE
Camara dos Deputados,Talíria Petrone,PSOL,RJ
Senado,Tasso Jereissati,PSDB,CE
Senado,Telmário Mota,PROS,RR
Camara dos Deputados,Tereza Cristina,PP,MS
Camara dos Deputados,Tereza Nelma,PSD,AL
Camara dos Deputados,Tiago Andrino,PSB,TO
Camara dos Deputados,Tiago Dimas,PODE,TO
Camara dos Deputados,Tiago Mitraud,NOVO,MG
Camara dos Deputados,Tiririca,PL,SP
Camara dos Deputados,Tito,AVANTE,BA
Camara dos Deputados,Toninho Wandscheer,PROS,PR
Camara dos Deputados,Túlio Gadêlha,REDE,PE
Camara dos Deputados,Uldurico Junior,MDB,BA
Camara dos Deputados,Valmir Assunção,PT,BA
Senado,Vanderlan Cardoso,PSD,GO
Camara dos Deputados,Vanderlei Macris,PSDB,SP
Camara dos Deputados,Vander Loubet,PT,MS
Camara dos Deputados,Vavá Martins,REPUBLICANOS,PA
Senado,Veneziano Vital do Rêgo,MDB,PB
Camara dos Deputados,Vermelho,PL,PR
Camara dos Deputados,Vicentinho,PT,SP
Camara dos Deputados,Vicentinho Júnior,PP,TO
Camara dos Deputados,Vilson Da Fetaemg,PSB,MG
Camara dos Deputados,Vinicius Carvalho,REPUBLICANOS,SP
Camara dos Deputados,Vinicius Farah,UNIÃO,RJ
Camara dos Deputados,Vinicius Poit,NOVO,SP
Camara dos Deputados,Vitor Lippi,PSDB,SP
Camara dos Deputados,Vivi Reis,PSOL,PA
Camara dos Deputados,Waldenor Pereira,PT,BA
Camara dos Deputados,Walter Alves,MDB,RN
Camara dos Deputados,Weliton Prado,PROS,MG
Senado,Wellington Fagundes,PL,MT
Camara dos Deputados,Wellington Roberto,PL,PB
Camara dos Deputados,Wilson Santiago,REPUBLICANOS,PB
Camara dos Deputados,Wolney Queiroz,PDT,PE
Camara dos Deputados,Zeca Dirceu,PT,PR
Camara dos Deputados,Zé Carlos,PT,MA
Senado,Zenaide Maia,PROS,RN
Camara dos Deputados,Zé Neto,PT,BA
Senado,Zequinha Marinho,PL,PA
Camara dos Deputados,Zé Silva,SOLIDARIEDADE,MG
Camara dos Deputados,Zé Vitor,PL,MG
